﻿<?xml version="1.0" encoding="utf-8" ?>
<c2eventsheet>
    <!--All the 'name' attributes are ignored by Construct 2 - they are there for readability only.-->
    <name>Event sheet 3</name>
    <events>
        <event-block sid="816768770866826">
            <conditions>
                <condition id="3" name="Compare frame" sid="748297471628930" type="Player">
                    <param id="0" name="Comparison">0</param>
                    <param id="1" name="Number">5</param>
                </condition>
            </conditions>
            <actions />
            <sub-events>
                <event-block any="1" sid="149341876854900">
                    <conditions>
                        <condition id="1" name="Is overlapping another object" sid="866687270718289" type="Player">
                            <param id="0" name="Object">Sprite3</param>
                        </condition>
                        <condition id="1" name="Is overlapping another object" sid="212821593290653" type="Player">
                            <param id="0" name="Object">Sprite2</param>
                        </condition>
                    </conditions>
                    <actions>
                        <action id="5" name="Set frame" sid="556966620448511" type="Player">
                            <param id="0" name="Frame number">5</param>
                        </action>
                    </actions>
                </event-block>
                <event-block sid="575773169277885">
                    <conditions>
                        <condition id="-22" name="Else" sid="317765678354948" type="System" />
                    </conditions>
                    <actions />
                    <sub-events>
                        <event-block sid="677208688540496">
                            <conditions>
                                <condition id="1" name="Is overlapping another object" sid="879360422189426" type="Player">
                                    <param id="0" name="Object">Sprite4</param>
                                </condition>
                            </conditions>
                            <actions>
                                <action id="5" name="Set frame" sid="543243416122061" type="Player">
                                    <param id="0" name="Frame number">7</param>
                                </action>
                                <action id="-9" name="Destroy" sid="189162863656491" type="Sprite4" />
                            </actions>
                        </event-block>
                    </sub-events>
                </event-block>
            </sub-events>
        </event-block>
        <event-block sid="247000237050049">
            <conditions>
                <condition id="3" name="Compare frame" sid="296568038535943" type="Player">
                    <param id="0" name="Comparison">0</param>
                    <param id="1" name="Number">6</param>
                </condition>
            </conditions>
            <actions />
            <sub-events>
                <event-block any="1" sid="195866235749212">
                    <conditions>
                        <condition id="1" name="Is overlapping another object" sid="371988043224192" type="Player">
                            <param id="0" name="Object">Sprite3</param>
                        </condition>
                        <condition id="1" name="Is overlapping another object" sid="564703660103853" type="Player">
                            <param id="0" name="Object">Sprite4</param>
                        </condition>
                    </conditions>
                    <actions>
                        <action id="5" name="Set frame" sid="169714701897090" type="Player">
                            <param id="0" name="Frame number">6</param>
                        </action>
                    </actions>
                </event-block>
                <event-block sid="276806634228397">
                    <conditions>
                        <condition id="-22" name="Else" sid="123510244886397" type="System" />
                    </conditions>
                    <actions />
                    <sub-events>
                        <event-block sid="188589910837204">
                            <conditions>
                                <condition id="1" name="Is overlapping another object" sid="417333098234395" type="Player">
                                    <param id="0" name="Object">Sprite2</param>
                                </condition>
                            </conditions>
                            <actions>
                                <action id="5" name="Set frame" sid="281102510200354" type="Player">
                                    <param id="0" name="Frame number">7</param>
                                </action>
                                <action id="-9" name="Destroy" sid="986132063926229" type="Sprite2" />
                            </actions>
                        </event-block>
                    </sub-events>
                </event-block>
            </sub-events>
        </event-block>
        <event-block sid="137527248288107">
            <conditions>
                <condition id="3" name="Compare frame" sid="872001503220949" type="Player">
                    <param id="0" name="Comparison">0</param>
                    <param id="1" name="Number">4</param>
                </condition>
            </conditions>
            <actions />
            <sub-events>
                <event-block any="1" sid="144975920707540">
                    <conditions>
                        <condition id="1" name="Is overlapping another object" sid="512440862758929" type="Player">
                            <param id="0" name="Object">Sprite4</param>
                        </condition>
                        <condition id="1" name="Is overlapping another object" sid="156437460787642" type="Player">
                            <param id="0" name="Object">Sprite2</param>
                        </condition>
                    </conditions>
                    <actions>
                        <action id="5" name="Set frame" sid="763313083438026" type="Player">
                            <param id="0" name="Frame number">4</param>
                        </action>
                    </actions>
                </event-block>
                <event-block sid="314003748512170">
                    <conditions>
                        <condition id="-22" name="Else" sid="759142283466914" type="System" />
                    </conditions>
                    <actions />
                    <sub-events>
                        <event-block sid="999513450072364">
                            <conditions>
                                <condition id="1" name="Is overlapping another object" sid="326282367554092" type="Player">
                                    <param id="0" name="Object">Sprite3</param>
                                </condition>
                            </conditions>
                            <actions>
                                <action id="5" name="Set frame" sid="291614699395039" type="Player">
                                    <param id="0" name="Frame number">7</param>
                                </action>
                                <action id="-9" name="Destroy" sid="469749361023090" type="Sprite3" />
                            </actions>
                        </event-block>
                    </sub-events>
                </event-block>
            </sub-events>
        </event-block>
        <event-block sid="750999588999526">
            <conditions>
                <condition id="3" name="Compare frame" sid="119669928812098" type="Player">
                    <param id="0" name="Comparison">0</param>
                    <param id="1" name="Number">0</param>
                </condition>
                <condition id="1" name="Is overlapping another object" sid="771909846921577" type="Player">
                    <param id="0" name="Object">Sprite2</param>
                </condition>
            </conditions>
            <actions>
                <action id="5" name="Set frame" sid="631321271350621" type="Player">
                    <param id="0" name="Frame number">1</param>
                </action>
                <action id="-9" name="Destroy" sid="546833803160441" type="Sprite2" />
            </actions>
        </event-block>
        <event-block sid="282802254540598">
            <conditions>
                <condition id="3" name="Compare frame" sid="947045985671278" type="Player">
                    <param id="0" name="Comparison">0</param>
                    <param id="1" name="Number">0</param>
                </condition>
                <condition id="1" name="Is overlapping another object" sid="843751018504746" type="Player">
                    <param id="0" name="Object">Sprite4</param>
                </condition>
            </conditions>
            <actions>
                <action id="5" name="Set frame" sid="647032240876456" type="Player">
                    <param id="0" name="Frame number">2</param>
                </action>
                <action id="-9" name="Destroy" sid="437000101278223" type="Sprite4" />
            </actions>
        </event-block>
        <event-block sid="260427358128456">
            <conditions>
                <condition id="3" name="Compare frame" sid="266846835536926" type="Player">
                    <param id="0" name="Comparison">0</param>
                    <param id="1" name="Number">0</param>
                </condition>
                <condition id="1" name="Is overlapping another object" sid="631063684681931" type="Player">
                    <param id="0" name="Object">Sprite3</param>
                </condition>
            </conditions>
            <actions>
                <action id="5" name="Set frame" sid="904979665793080" type="Player">
                    <param id="0" name="Frame number">3</param>
                </action>
                <action id="-9" name="Destroy" sid="843534881580108" type="Sprite3" />
            </actions>
        </event-block>
        <event-block sid="722629120835411">
            <conditions>
                <condition id="3" name="Compare frame" sid="702034794903083" type="Player">
                    <param id="0" name="Comparison">0</param>
                    <param id="1" name="Number">1</param>
                </condition>
                <condition id="1" name="Is overlapping another object" sid="598802971482300" type="Player">
                    <param id="0" name="Object">Sprite4</param>
                </condition>
            </conditions>
            <actions>
                <action id="5" name="Set frame" sid="297055092342693" type="Player">
                    <param id="0" name="Frame number">4</param>
                </action>
                <action id="-9" name="Destroy" sid="320014617771099" type="Sprite4" />
            </actions>
        </event-block>
        <event-block sid="213022398754967">
            <conditions>
                <condition id="3" name="Compare frame" sid="220026003573631" type="Player">
                    <param id="0" name="Comparison">0</param>
                    <param id="1" name="Number">1</param>
                </condition>
                <condition id="1" name="Is overlapping another object" sid="870017658971036" type="Player">
                    <param id="0" name="Object">Sprite3</param>
                </condition>
            </conditions>
            <actions>
                <action id="5" name="Set frame" sid="919099339129420" type="Player">
                    <param id="0" name="Frame number">5</param>
                </action>
                <action id="-9" name="Destroy" sid="199214426595403" type="Sprite3" />
            </actions>
        </event-block>
        <event-block sid="490985913555167">
            <conditions>
                <condition id="3" name="Compare frame" sid="161293452950916" type="Player">
                    <param id="0" name="Comparison">0</param>
                    <param id="1" name="Number">2</param>
                </condition>
                <condition id="1" name="Is overlapping another object" sid="133597532974132" type="Player">
                    <param id="0" name="Object">Sprite3</param>
                </condition>
            </conditions>
            <actions>
                <action id="5" name="Set frame" sid="164353615842224" type="Player">
                    <param id="0" name="Frame number">6</param>
                </action>
                <action id="-9" name="Destroy" sid="306081262743275" type="Sprite3" />
            </actions>
        </event-block>
        <event-block sid="855133402686255">
            <conditions>
                <condition id="3" name="Compare frame" sid="868824677773563" type="Player">
                    <param id="0" name="Comparison">0</param>
                    <param id="1" name="Number">2</param>
                </condition>
                <condition id="1" name="Is overlapping another object" sid="907965052172084" type="Player">
                    <param id="0" name="Object">Sprite2</param>
                </condition>
            </conditions>
            <actions>
                <action id="5" name="Set frame" sid="601407877239904" type="Player">
                    <param id="0" name="Frame number">4</param>
                </action>
                <action id="-9" name="Destroy" sid="294748333281123" type="Sprite2" />
            </actions>
        </event-block>
        <event-block sid="246791986866072">
            <conditions>
                <condition id="3" name="Compare frame" sid="984770742628197" type="Player">
                    <param id="0" name="Comparison">0</param>
                    <param id="1" name="Number">3</param>
                </condition>
                <condition id="1" name="Is overlapping another object" sid="619972695627785" type="Player">
                    <param id="0" name="Object">Sprite2</param>
                </condition>
            </conditions>
            <actions>
                <action id="5" name="Set frame" sid="349962970797943" type="Player">
                    <param id="0" name="Frame number">5</param>
                </action>
                <action id="-9" name="Destroy" sid="276390142064220" type="Sprite2" />
            </actions>
        </event-block>
        <event-block sid="247849175636685">
            <conditions>
                <condition id="3" name="Compare frame" sid="566605762073067" type="Player">
                    <param id="0" name="Comparison">0</param>
                    <param id="1" name="Number">3</param>
                </condition>
                <condition id="1" name="Is overlapping another object" sid="404452364778586" type="Player">
                    <param id="0" name="Object">Sprite4</param>
                </condition>
            </conditions>
            <actions>
                <action id="5" name="Set frame" sid="282979080315848" type="Player">
                    <param id="0" name="Frame number">6</param>
                </action>
                <action id="-9" name="Destroy" sid="753899141688139" type="Sprite4" />
            </actions>
        </event-block>
        <event-block sid="398004247574203">
            <conditions>
                <condition id="-19" name="On destroyed" sid="909966231779619" type="Sprite2" />
            </conditions>
            <actions>
                <action id="-16" name="Wait" sid="773887264630215" type="System">
                    <param id="0" name="Seconds">4.0</param>
                </action>
                <action id="-3" name="Create object" sid="949563719813896" type="System">
                    <param id="0" name="Object to create">Sprite2</param>
                    <param id="1" name="Layer">0</param>
                    <param id="2" name="X">417</param>
                    <param id="3" name="Y">524</param>
                </action>
            </actions>
        </event-block>
        <event-block sid="214102996989453">
            <conditions>
                <condition id="-19" name="On destroyed" sid="300852578756305" type="Sprite3" />
            </conditions>
            <actions>
                <action id="-16" name="Wait" sid="641003322743258" type="System">
                    <param id="0" name="Seconds">4.0</param>
                </action>
                <action id="-3" name="Create object" sid="614094844517823" type="System">
                    <param id="0" name="Object to create">Sprite3</param>
                    <param id="1" name="Layer">0</param>
                    <param id="2" name="X">67</param>
                    <param id="3" name="Y">498</param>
                </action>
            </actions>
        </event-block>
        <event-block sid="393868119663046">
            <conditions>
                <condition id="-19" name="On destroyed" sid="216547750960108" type="Sprite4" />
            </conditions>
            <actions>
                <action id="-16" name="Wait" sid="714740852487106" type="System">
                    <param id="0" name="Seconds">4.0</param>
                </action>
                <action id="-3" name="Create object" sid="688724274089805" type="System">
                    <param id="0" name="Object to create">Sprite4</param>
                    <param id="1" name="Layer">0</param>
                    <param id="2" name="X">264</param>
                    <param id="3" name="Y">419</param>
                </action>
            </actions>
        </event-block>
        <event-block sid="605930651348532">
            <conditions>
                <condition id="0" name="On key pressed" sid="654973231712386" type="Keyboard">
                    <param id="0" name="Key">32 (Space)</param>
                </condition>
            </conditions>
            <actions>
                <action id="-3" name="Create object" sid="670662455575984" type="System">
                    <param id="0" name="Object to create">Projectile</param>
                    <param id="1" name="Layer">0</param>
                    <param id="2" name="X">Player.X</param>
                    <param id="3" name="Y">Player.Y</param>
                </action>
                <action id="5" name="Set frame" sid="132131427418976" type="Projectile">
                    <param id="0" name="Frame number">Player.AnimationFrame</param>
                </action>
            </actions>
        </event-block>
        <event-block sid="971113598131423">
            <conditions>
                <condition id="0" name="On key pressed" sid="423016296398024" type="Keyboard">
                    <param id="0" name="Key">13 (Return)</param>
                </condition>
            </conditions>
            <actions>
                <action id="5" name="Set frame" sid="117919724718593" type="Player">
                    <param id="0" name="Frame number">0</param>
                </action>
            </actions>
        </event-block>
        <event-block sid="860570687387921">
            <conditions>
                <condition id="-4" name="Is outside layout" sid="972018184152476" type="Projectile" />
            </conditions>
            <actions>
                <action id="-9" name="Destroy" sid="257633889662100" type="Projectile" />
            </actions>
        </event-block>
        <event-block sid="754090005766986">
            <conditions>
                <condition id="-1" name="Every tick" sid="978025509078980" type="System" />
            </conditions>
            <actions>
                <action id="0" name="Set text" sid="518738978239225" type="Text">
                    <param id="0" name="Text">&quot;Enemy Health &quot; &amp; EnemyHealth</param>
                </action>
            </actions>
        </event-block>
        <event-block sid="294265669955037">
            <conditions>
                <condition id="1" name="Is overlapping another object" sid="679012099622638" type="Enemy">
                    <param id="0" name="Object">Projectile</param>
                </condition>
                <condition id="3" name="Compare frame" sid="640619956237334" type="Projectile">
                    <param id="0" name="Comparison">0</param>
                    <param id="1" name="Number">5</param>
                </condition>
                <condition id="3" name="Compare frame" sid="682137915809157" type="Enemy">
                    <param id="0" name="Comparison">0</param>
                    <param id="1" name="Number">3</param>
                </condition>
            </conditions>
            <actions>
                <action id="-11" name="Subtract from" sid="656279968595159" type="System">
                    <param id="0" name="Variable">EnemyHealth</param>
                    <param id="1" name="Value">0.5</param>
                </action>
                <action id="-9" name="Destroy" sid="933492058782741" type="Projectile" />
            </actions>
        </event-block>
        <event-block sid="453225440017654">
            <conditions>
                <condition id="-6" name="Every X seconds" sid="389038623675095" type="System">
                    <param id="0" name="Interval (seconds)">3.0</param>
                </condition>
            </conditions>
            <actions>
                <action id="5" name="Set frame" sid="971188440368039" type="Enemy">
                    <param id="0" name="Frame number">3</param>
                </action>
            </actions>
        </event-block>
        <event-block sid="898862542395491">
            <conditions>
                <condition id="-2" name="On start of layout" sid="597961386358199" type="System" />
            </conditions>
            <actions>
                <action id="-21" name="Reset global variables" sid="763883819951503" type="System" />
            </actions>
        </event-block>
        <event-block sid="299786101494301">
            <conditions>
                <condition id="-14" name="Compare variable" sid="358321167300731" type="System">
                    <param id="0" name="Variable">EnemyHealth</param>
                    <param id="1" name="Comparison">0</param>
                    <param id="2" name="Value">0</param>
                </condition>
            </conditions>
            <actions>
                <action id="-2" name="Go to layout" sid="633644093774205" type="System">
                    <param id="0" name="Layout">Title</param>
                </action>
            </actions>
        </event-block>
        <event-block sid="899232205613571">
            <conditions>
                <condition id="3" name="Compare frame" sid="686000101050155" type="Player">
                    <param id="0" name="Comparison">1</param>
                    <param id="1" name="Number">0</param>
                </condition>
                <condition id="-6" name="Every X seconds" sid="420285730501656" type="System">
                    <param id="0" name="Interval (seconds)">1.0</param>
                </condition>
            </conditions>
            <actions>
                <action id="3" name="Set progress" sid="497182191097967" type="ProgressBar">
                    <param id="0" name="Value">ProgressBar.Progress-10</param>
                </action>
            </actions>
        </event-block>
        <event-block sid="412047896268868">
            <conditions>
                <condition id="1" name="Compare progress" sid="639063480083632" type="ProgressBar">
                    <param id="0" name="Comparison">0</param>
                    <param id="1" name="Value">0</param>
                </condition>
            </conditions>
            <actions>
                <action id="-2" name="Go to layout" sid="129691512116876" type="System">
                    <param id="0" name="Layout">Title</param>
                </action>
            </actions>
        </event-block>
    </events>
</c2eventsheet>
