﻿<?xml version="1.0" encoding="utf-8" ?>
<c2eventsheet>
    <!--All the 'name' attributes are ignored by Construct 2 - they are there for readability only.-->
    <name>Event sheet 2</name>
    <events>
        <event-block sid="429479781641106">
            <conditions>
                <condition id="-33" name="Pick by comparison" sid="489878789268041" type="System">
                    <param id="0" name="Object">Player</param>
                    <param id="1" name="Expression">Player.AnimationFrame</param>
                    <param id="2" name="Comparison">5</param>
                    <param id="3" name="Value">4</param>
                </condition>
                <condition id="-8" name="Compare two values" sid="577319129957616" type="System">
                    <param id="0" name="First value">Player.AnimationFrame</param>
                    <param id="1" name="Comparison">1</param>
                    <param id="2" name="Second value">7</param>
                </condition>
            </conditions>
            <actions />
            <sub-events>
                <event-block any="1" sid="869721827317293">
                    <conditions>
                        <condition id="1" name="Is overlapping another object" sid="425543885097343" type="Player">
                            <param id="0" name="Object">Sprite2</param>
                        </condition>
                        <condition id="1" name="Is overlapping another object" sid="572543886071753" type="Player">
                            <param id="0" name="Object">Sprite3</param>
                        </condition>
                        <condition id="1" name="Is overlapping another object" sid="991105322850225" type="Player">
                            <param id="0" name="Object">Sprite4</param>
                        </condition>
                    </conditions>
                    <actions>
                        <action id="5" name="Set frame" sid="178594062927113" type="Player">
                            <param id="0" name="Frame number">7</param>
                        </action>
                        <action id="-9" name="Destroy" sid="652714877502179" type="Sprite2" />
                        <action id="-9" name="Destroy" sid="158889012357304" type="Sprite3" />
                        <action id="-9" name="Destroy" sid="590736821129749" type="Sprite4" />
                    </actions>
                </event-block>
            </sub-events>
        </event-block>
        <event-block sid="997240874245246">
            <conditions>
                <condition id="-33" name="Pick by comparison" sid="706155275204708" type="System">
                    <param id="0" name="Object">Player</param>
                    <param id="1" name="Expression">Player.AnimationFrame</param>
                    <param id="2" name="Comparison">0</param>
                    <param id="3" name="Value">0</param>
                </condition>
                <condition id="1" name="Is overlapping another object" sid="586425985864572" type="Player">
                    <param id="0" name="Object">Sprite2</param>
                </condition>
            </conditions>
            <actions>
                <action id="5" name="Set frame" sid="471894113747101" type="Player">
                    <param id="0" name="Frame number">1</param>
                </action>
                <action id="-9" name="Destroy" sid="174707107496180" type="Sprite2" />
            </actions>
        </event-block>
        <event-block sid="672310447066030">
            <conditions>
                <condition id="-33" name="Pick by comparison" sid="855081842003806" type="System">
                    <param id="0" name="Object">Player</param>
                    <param id="1" name="Expression">Player.AnimationFrame</param>
                    <param id="2" name="Comparison">0</param>
                    <param id="3" name="Value">0</param>
                </condition>
                <condition id="1" name="Is overlapping another object" sid="617646326675478" type="Player">
                    <param id="0" name="Object">Sprite4</param>
                </condition>
            </conditions>
            <actions>
                <action id="5" name="Set frame" sid="638242404049931" type="Player">
                    <param id="0" name="Frame number">2</param>
                </action>
                <action id="-9" name="Destroy" sid="635758716536873" type="Sprite4" />
            </actions>
        </event-block>
        <event-block sid="973046532860386">
            <conditions>
                <condition id="-33" name="Pick by comparison" sid="891427318251671" type="System">
                    <param id="0" name="Object">Player</param>
                    <param id="1" name="Expression">Player.AnimationFrame</param>
                    <param id="2" name="Comparison">0</param>
                    <param id="3" name="Value">0</param>
                </condition>
                <condition id="1" name="Is overlapping another object" sid="866141863452092" type="Player">
                    <param id="0" name="Object">Sprite3</param>
                </condition>
            </conditions>
            <actions>
                <action id="5" name="Set frame" sid="701178632135856" type="Player">
                    <param id="0" name="Frame number">3</param>
                </action>
                <action id="-9" name="Destroy" sid="635062249950435" type="Sprite3" />
            </actions>
        </event-block>
        <event-block sid="139432548222499">
            <conditions>
                <condition id="-33" name="Pick by comparison" sid="920098487915855" type="System">
                    <param id="0" name="Object">Player</param>
                    <param id="1" name="Expression">Player.AnimationFrame</param>
                    <param id="2" name="Comparison">0</param>
                    <param id="3" name="Value">1</param>
                </condition>
                <condition id="1" name="Is overlapping another object" sid="603081841836078" type="Player">
                    <param id="0" name="Object">Sprite4</param>
                </condition>
            </conditions>
            <actions>
                <action id="5" name="Set frame" sid="590860706581340" type="Player">
                    <param id="0" name="Frame number">4</param>
                </action>
                <action id="-9" name="Destroy" sid="122115100703902" type="Sprite4" />
            </actions>
        </event-block>
        <event-block sid="120921288140882">
            <conditions>
                <condition id="-33" name="Pick by comparison" sid="922766213627090" type="System">
                    <param id="0" name="Object">Player</param>
                    <param id="1" name="Expression">Player.AnimationFrame</param>
                    <param id="2" name="Comparison">0</param>
                    <param id="3" name="Value">1</param>
                </condition>
                <condition id="1" name="Is overlapping another object" sid="395534307299116" type="Player">
                    <param id="0" name="Object">Sprite3</param>
                </condition>
            </conditions>
            <actions>
                <action id="5" name="Set frame" sid="791954570147564" type="Player">
                    <param id="0" name="Frame number">5</param>
                </action>
                <action id="-9" name="Destroy" sid="657885486449494" type="Sprite3" />
            </actions>
        </event-block>
        <event-block sid="421161831317040">
            <conditions>
                <condition id="-33" name="Pick by comparison" sid="813221882647440" type="System">
                    <param id="0" name="Object">Player</param>
                    <param id="1" name="Expression">Player.AnimationFrame</param>
                    <param id="2" name="Comparison">0</param>
                    <param id="3" name="Value">2</param>
                </condition>
                <condition id="1" name="Is overlapping another object" sid="143224232624578" type="Player">
                    <param id="0" name="Object">Sprite3</param>
                </condition>
            </conditions>
            <actions>
                <action id="5" name="Set frame" sid="113122375723707" type="Player">
                    <param id="0" name="Frame number">6</param>
                </action>
                <action id="-9" name="Destroy" sid="491334590078937" type="Sprite3" />
            </actions>
        </event-block>
        <event-block sid="870423184912046">
            <conditions>
                <condition id="-33" name="Pick by comparison" sid="676845058982139" type="System">
                    <param id="0" name="Object">Player</param>
                    <param id="1" name="Expression">player.AnimationFrame</param>
                    <param id="2" name="Comparison">0</param>
                    <param id="3" name="Value">2</param>
                </condition>
                <condition id="1" name="Is overlapping another object" sid="434610658709900" type="Player">
                    <param id="0" name="Object">Sprite2</param>
                </condition>
            </conditions>
            <actions>
                <action id="5" name="Set frame" sid="201282359672413" type="Player">
                    <param id="0" name="Frame number">4</param>
                </action>
                <action id="-9" name="Destroy" sid="760277958672964" type="Sprite2" />
            </actions>
        </event-block>
        <event-block sid="377914089633599">
            <conditions>
                <condition id="-33" name="Pick by comparison" sid="888598165142747" type="System">
                    <param id="0" name="Object">Player</param>
                    <param id="1" name="Expression">Player.AnimationFrame</param>
                    <param id="2" name="Comparison">0</param>
                    <param id="3" name="Value">3</param>
                </condition>
                <condition id="1" name="Is overlapping another object" sid="738258686757145" type="Player">
                    <param id="0" name="Object">Sprite2</param>
                </condition>
            </conditions>
            <actions>
                <action id="5" name="Set frame" sid="809810399759964" type="Player">
                    <param id="0" name="Frame number">5</param>
                </action>
                <action id="-9" name="Destroy" sid="760439110766092" type="Sprite2" />
            </actions>
        </event-block>
        <event-block sid="799631859366787">
            <conditions>
                <condition id="-33" name="Pick by comparison" sid="244762381627534" type="System">
                    <param id="0" name="Object">Player</param>
                    <param id="1" name="Expression">Player.AnimationFrame</param>
                    <param id="2" name="Comparison">0</param>
                    <param id="3" name="Value">3</param>
                </condition>
                <condition id="1" name="Is overlapping another object" sid="461580840515120" type="Player">
                    <param id="0" name="Object">Sprite4</param>
                </condition>
            </conditions>
            <actions>
                <action id="5" name="Set frame" sid="841149872952680" type="Player">
                    <param id="0" name="Frame number">6</param>
                </action>
                <action id="-9" name="Destroy" sid="626933944721494" type="Sprite4" />
            </actions>
        </event-block>
        <event-block sid="983545110212921">
            <conditions>
                <condition id="-19" name="On destroyed" sid="925693000576187" type="Sprite2" />
            </conditions>
            <actions>
                <action id="-16" name="Wait" sid="430233784812511" type="System">
                    <param id="0" name="Seconds">4.0</param>
                </action>
                <action id="-3" name="Create object" sid="130692775548250" type="System">
                    <param id="0" name="Object to create">Sprite2</param>
                    <param id="1" name="Layer">0</param>
                    <param id="2" name="X">417</param>
                    <param id="3" name="Y">524</param>
                </action>
            </actions>
        </event-block>
        <event-block sid="451561193709928">
            <conditions>
                <condition id="-19" name="On destroyed" sid="315531630201776" type="Sprite3" />
            </conditions>
            <actions>
                <action id="-16" name="Wait" sid="303361649707224" type="System">
                    <param id="0" name="Seconds">4.0</param>
                </action>
                <action id="-3" name="Create object" sid="646887096051636" type="System">
                    <param id="0" name="Object to create">Sprite3</param>
                    <param id="1" name="Layer">0</param>
                    <param id="2" name="X">67</param>
                    <param id="3" name="Y">498</param>
                </action>
            </actions>
        </event-block>
        <event-block sid="873757105573957">
            <conditions>
                <condition id="-19" name="On destroyed" sid="766767307045830" type="Sprite4" />
            </conditions>
            <actions>
                <action id="-16" name="Wait" sid="192658436483266" type="System">
                    <param id="0" name="Seconds">4.0</param>
                </action>
                <action id="-3" name="Create object" sid="997333776983273" type="System">
                    <param id="0" name="Object to create">Sprite4</param>
                    <param id="1" name="Layer">0</param>
                    <param id="2" name="X">264</param>
                    <param id="3" name="Y">419</param>
                </action>
            </actions>
        </event-block>
        <event-block sid="420837350622353">
            <conditions>
                <condition id="0" name="On key pressed" sid="379467954480599" type="Keyboard">
                    <param id="0" name="Key">32 (Space)</param>
                </condition>
            </conditions>
            <actions>
                <action id="-3" name="Create object" sid="914009714574956" type="System">
                    <param id="0" name="Object to create">Projectile</param>
                    <param id="1" name="Layer">0</param>
                    <param id="2" name="X">Player.X</param>
                    <param id="3" name="Y">Player.Y</param>
                </action>
                <action id="5" name="Set frame" sid="755581497905173" type="Projectile">
                    <param id="0" name="Frame number">Player.AnimationFrame</param>
                </action>
            </actions>
        </event-block>
        <event-block sid="874094250971814">
            <conditions>
                <condition id="-4" name="Is outside layout" sid="544158933285254" type="Projectile" />
            </conditions>
            <actions>
                <action id="-9" name="Destroy" sid="971376720319595" type="Projectile" />
            </actions>
        </event-block>
        <event-block sid="148937454672982">
            <conditions>
                <condition id="-1" name="Every tick" sid="753057972301890" type="System" />
            </conditions>
            <actions>
                <action id="0" name="Set text" sid="690228164552517" type="Text">
                    <param id="0" name="Text">&quot;Enemy Health &quot; &amp; EnemyHealth</param>
                </action>
            </actions>
        </event-block>
        <event-block sid="471167777343084">
            <conditions>
                <condition id="1" name="Is overlapping another object" sid="765395298448996" type="Enemy">
                    <param id="0" name="Object">Projectile</param>
                </condition>
                <condition id="3" name="Compare frame" sid="264423585996360" type="Projectile">
                    <param id="0" name="Comparison">0</param>
                    <param id="1" name="Number">4</param>
                </condition>
                <condition id="3" name="Compare frame" sid="560944739756768" type="Enemy">
                    <param id="0" name="Comparison">0</param>
                    <param id="1" name="Number">2</param>
                </condition>
            </conditions>
            <actions>
                <action id="-11" name="Subtract from" sid="328562778485980" type="System">
                    <param id="0" name="Variable">EnemyHealth</param>
                    <param id="1" name="Value">0.5</param>
                </action>
                <action id="-9" name="Destroy" sid="784713317592270" type="Projectile" />
            </actions>
        </event-block>
        <event-block sid="972401937177048">
            <conditions>
                <condition id="-6" name="Every X seconds" sid="900124657750414" type="System">
                    <param id="0" name="Interval (seconds)">3.0</param>
                </condition>
            </conditions>
            <actions>
                <action id="5" name="Set frame" sid="202456936815448" type="Enemy">
                    <param id="0" name="Frame number">2</param>
                </action>
            </actions>
        </event-block>
        <event-block sid="154008131046258">
            <conditions>
                <condition id="-2" name="On start of layout" sid="351794664331730" type="System" />
            </conditions>
            <actions>
                <action id="-21" name="Reset global variables" sid="783355152743728" type="System" />
            </actions>
        </event-block>
        <event-block sid="530587772011800">
            <conditions>
                <condition id="-14" name="Compare variable" sid="678851832684067" type="System">
                    <param id="0" name="Variable">EnemyHealth</param>
                    <param id="1" name="Comparison">0</param>
                    <param id="2" name="Value">0</param>
                </condition>
            </conditions>
            <actions>
                <action id="-2" name="Go to layout" sid="562831579230426" type="System">
                    <param id="0" name="Layout">Layout 3</param>
                </action>
            </actions>
        </event-block>
    </events>
</c2eventsheet>
