﻿<?xml version="1.0" encoding="utf-8" ?>
<c2eventsheet>
    <!--All the 'name' attributes are ignored by Construct 2 - they are there for readability only.-->
    <name>Event sheet 1</name>
    <events>
        <variable constant="0" name="EnemyHealth" sid="612062547382636" static="0" type="number">3</variable>
        <event-block sid="574934445790373">
            <conditions>
                <condition id="3" name="Compare frame" sid="182150474932884" type="Player">
                    <param id="0" name="Comparison">0</param>
                    <param id="1" name="Number">5</param>
                </condition>
            </conditions>
            <actions />
            <sub-events>
                <event-block any="1" sid="185917199061294">
                    <conditions>
                        <condition id="1" name="Is overlapping another object" sid="681985953369921" type="Player">
                            <param id="0" name="Object">Sprite3</param>
                        </condition>
                        <condition id="1" name="Is overlapping another object" sid="136460197336334" type="Player">
                            <param id="0" name="Object">Sprite2</param>
                        </condition>
                    </conditions>
                    <actions>
                        <action id="5" name="Set frame" sid="732085820226136" type="Player">
                            <param id="0" name="Frame number">5</param>
                        </action>
                    </actions>
                </event-block>
                <event-block sid="574627326383263">
                    <conditions>
                        <condition id="-22" name="Else" sid="314637073221886" type="System" />
                    </conditions>
                    <actions />
                    <sub-events>
                        <event-block sid="311372398083452">
                            <conditions>
                                <condition id="1" name="Is overlapping another object" sid="993581984390637" type="Player">
                                    <param id="0" name="Object">Sprite4</param>
                                </condition>
                            </conditions>
                            <actions>
                                <action id="5" name="Set frame" sid="167731277584799" type="Player">
                                    <param id="0" name="Frame number">7</param>
                                </action>
                                <action id="-9" name="Destroy" sid="582323517980446" type="Sprite4" />
                            </actions>
                        </event-block>
                    </sub-events>
                </event-block>
            </sub-events>
        </event-block>
        <event-block sid="485343518162289">
            <conditions>
                <condition id="3" name="Compare frame" sid="671248231186073" type="Player">
                    <param id="0" name="Comparison">0</param>
                    <param id="1" name="Number">6</param>
                </condition>
            </conditions>
            <actions />
            <sub-events>
                <event-block any="1" sid="736692769013758">
                    <conditions>
                        <condition id="1" name="Is overlapping another object" sid="742199347418116" type="Player">
                            <param id="0" name="Object">Sprite3</param>
                        </condition>
                        <condition id="1" name="Is overlapping another object" sid="519024602425965" type="Player">
                            <param id="0" name="Object">Sprite4</param>
                        </condition>
                    </conditions>
                    <actions>
                        <action id="5" name="Set frame" sid="272340521260306" type="Player">
                            <param id="0" name="Frame number">6</param>
                        </action>
                    </actions>
                </event-block>
                <event-block sid="821715215860410">
                    <conditions>
                        <condition id="-22" name="Else" sid="774456302907157" type="System" />
                    </conditions>
                    <actions />
                    <sub-events>
                        <event-block sid="877516653532814">
                            <conditions>
                                <condition id="1" name="Is overlapping another object" sid="680392029298871" type="Player">
                                    <param id="0" name="Object">Sprite2</param>
                                </condition>
                            </conditions>
                            <actions>
                                <action id="5" name="Set frame" sid="435155787022979" type="Player">
                                    <param id="0" name="Frame number">7</param>
                                </action>
                                <action id="-9" name="Destroy" sid="497059591966227" type="Sprite2" />
                            </actions>
                        </event-block>
                    </sub-events>
                </event-block>
            </sub-events>
        </event-block>
        <event-block sid="808090324400204">
            <conditions>
                <condition id="3" name="Compare frame" sid="203681847053820" type="Player">
                    <param id="0" name="Comparison">0</param>
                    <param id="1" name="Number">4</param>
                </condition>
            </conditions>
            <actions />
            <sub-events>
                <event-block any="1" sid="359394091777322">
                    <conditions>
                        <condition id="1" name="Is overlapping another object" sid="709576455840930" type="Player">
                            <param id="0" name="Object">Sprite4</param>
                        </condition>
                        <condition id="1" name="Is overlapping another object" sid="731482436103241" type="Player">
                            <param id="0" name="Object">Sprite2</param>
                        </condition>
                    </conditions>
                    <actions>
                        <action id="5" name="Set frame" sid="546138875762231" type="Player">
                            <param id="0" name="Frame number">4</param>
                        </action>
                    </actions>
                </event-block>
                <event-block sid="972425935558441">
                    <conditions>
                        <condition id="-22" name="Else" sid="945799528524203" type="System" />
                    </conditions>
                    <actions />
                    <sub-events>
                        <event-block sid="113595619209203">
                            <conditions>
                                <condition id="1" name="Is overlapping another object" sid="357881118132502" type="Player">
                                    <param id="0" name="Object">Sprite3</param>
                                </condition>
                            </conditions>
                            <actions>
                                <action id="5" name="Set frame" sid="798158826863309" type="Player">
                                    <param id="0" name="Frame number">7</param>
                                </action>
                                <action id="-9" name="Destroy" sid="162111242664023" type="Sprite3" />
                            </actions>
                        </event-block>
                    </sub-events>
                </event-block>
            </sub-events>
        </event-block>
        <event-block sid="774157376872771">
            <conditions>
                <condition id="3" name="Compare frame" sid="889443665211547" type="Player">
                    <param id="0" name="Comparison">0</param>
                    <param id="1" name="Number">0</param>
                </condition>
                <condition id="1" name="Is overlapping another object" sid="781660597950684" type="Player">
                    <param id="0" name="Object">Sprite2</param>
                </condition>
            </conditions>
            <actions>
                <action id="5" name="Set frame" sid="404331852529770" type="Player">
                    <param id="0" name="Frame number">1</param>
                </action>
                <action id="-9" name="Destroy" sid="139913116065552" type="Sprite2" />
            </actions>
        </event-block>
        <event-block sid="574703099300857">
            <conditions>
                <condition id="3" name="Compare frame" sid="160982939836112" type="Player">
                    <param id="0" name="Comparison">0</param>
                    <param id="1" name="Number">0</param>
                </condition>
                <condition id="1" name="Is overlapping another object" sid="777788576977541" type="Player">
                    <param id="0" name="Object">Sprite4</param>
                </condition>
            </conditions>
            <actions>
                <action id="5" name="Set frame" sid="864274794655773" type="Player">
                    <param id="0" name="Frame number">2</param>
                </action>
                <action id="-9" name="Destroy" sid="180613677032972" type="Sprite4" />
            </actions>
        </event-block>
        <event-block sid="218617601673900">
            <conditions>
                <condition id="3" name="Compare frame" sid="392894519676822" type="Player">
                    <param id="0" name="Comparison">0</param>
                    <param id="1" name="Number">0</param>
                </condition>
                <condition id="1" name="Is overlapping another object" sid="603386506310545" type="Player">
                    <param id="0" name="Object">Sprite3</param>
                </condition>
            </conditions>
            <actions>
                <action id="5" name="Set frame" sid="220179900593723" type="Player">
                    <param id="0" name="Frame number">3</param>
                </action>
                <action id="-9" name="Destroy" sid="693439409774916" type="Sprite3" />
            </actions>
        </event-block>
        <event-block sid="642154190640341">
            <conditions>
                <condition id="3" name="Compare frame" sid="166604403859951" type="Player">
                    <param id="0" name="Comparison">0</param>
                    <param id="1" name="Number">1</param>
                </condition>
                <condition id="1" name="Is overlapping another object" sid="966739057199548" type="Player">
                    <param id="0" name="Object">Sprite4</param>
                </condition>
            </conditions>
            <actions>
                <action id="5" name="Set frame" sid="997870031768581" type="Player">
                    <param id="0" name="Frame number">4</param>
                </action>
                <action id="-9" name="Destroy" sid="586514916658246" type="Sprite4" />
            </actions>
        </event-block>
        <event-block sid="512823818606802">
            <conditions>
                <condition id="3" name="Compare frame" sid="277576476220123" type="Player">
                    <param id="0" name="Comparison">0</param>
                    <param id="1" name="Number">1</param>
                </condition>
                <condition id="1" name="Is overlapping another object" sid="834860301705265" type="Player">
                    <param id="0" name="Object">Sprite3</param>
                </condition>
            </conditions>
            <actions>
                <action id="5" name="Set frame" sid="926742142364760" type="Player">
                    <param id="0" name="Frame number">5</param>
                </action>
                <action id="-9" name="Destroy" sid="804853572979211" type="Sprite3" />
            </actions>
        </event-block>
        <event-block sid="847421892576588">
            <conditions>
                <condition id="3" name="Compare frame" sid="113139219512653" type="Player">
                    <param id="0" name="Comparison">0</param>
                    <param id="1" name="Number">2</param>
                </condition>
                <condition id="1" name="Is overlapping another object" sid="376085708789818" type="Player">
                    <param id="0" name="Object">Sprite3</param>
                </condition>
            </conditions>
            <actions>
                <action id="5" name="Set frame" sid="283855252220731" type="Player">
                    <param id="0" name="Frame number">6</param>
                </action>
                <action id="-9" name="Destroy" sid="919706777237125" type="Sprite3" />
            </actions>
        </event-block>
        <event-block sid="485800682862512">
            <conditions>
                <condition id="3" name="Compare frame" sid="159750584232948" type="Player">
                    <param id="0" name="Comparison">0</param>
                    <param id="1" name="Number">2</param>
                </condition>
                <condition id="1" name="Is overlapping another object" sid="964493787774801" type="Player">
                    <param id="0" name="Object">Sprite2</param>
                </condition>
            </conditions>
            <actions>
                <action id="5" name="Set frame" sid="689471634641714" type="Player">
                    <param id="0" name="Frame number">4</param>
                </action>
                <action id="-9" name="Destroy" sid="891855258993386" type="Sprite2" />
            </actions>
        </event-block>
        <event-block sid="857104755692367">
            <conditions>
                <condition id="3" name="Compare frame" sid="502241938978259" type="Player">
                    <param id="0" name="Comparison">0</param>
                    <param id="1" name="Number">3</param>
                </condition>
                <condition id="1" name="Is overlapping another object" sid="486182145417243" type="Player">
                    <param id="0" name="Object">Sprite2</param>
                </condition>
            </conditions>
            <actions>
                <action id="5" name="Set frame" sid="218613473332447" type="Player">
                    <param id="0" name="Frame number">5</param>
                </action>
                <action id="-9" name="Destroy" sid="184759321351152" type="Sprite2" />
            </actions>
        </event-block>
        <event-block sid="731082340479874">
            <conditions>
                <condition id="3" name="Compare frame" sid="740991303644191" type="Player">
                    <param id="0" name="Comparison">0</param>
                    <param id="1" name="Number">3</param>
                </condition>
                <condition id="1" name="Is overlapping another object" sid="383978057416218" type="Player">
                    <param id="0" name="Object">Sprite4</param>
                </condition>
            </conditions>
            <actions>
                <action id="5" name="Set frame" sid="306966953102369" type="Player">
                    <param id="0" name="Frame number">6</param>
                </action>
                <action id="-9" name="Destroy" sid="615647348277786" type="Sprite4" />
            </actions>
        </event-block>
        <event-block sid="627914771135499">
            <conditions>
                <condition id="-19" name="On destroyed" sid="636172426089541" type="Sprite2" />
            </conditions>
            <actions>
                <action id="-16" name="Wait" sid="858325924037012" type="System">
                    <param id="0" name="Seconds">4.0</param>
                </action>
                <action id="-3" name="Create object" sid="765920472642986" type="System">
                    <param id="0" name="Object to create">Sprite2</param>
                    <param id="1" name="Layer">0</param>
                    <param id="2" name="X">417</param>
                    <param id="3" name="Y">524</param>
                </action>
            </actions>
        </event-block>
        <event-block sid="543288254526707">
            <conditions>
                <condition id="-19" name="On destroyed" sid="592668562022252" type="Sprite3" />
            </conditions>
            <actions>
                <action id="-16" name="Wait" sid="316705384323978" type="System">
                    <param id="0" name="Seconds">4.0</param>
                </action>
                <action id="-3" name="Create object" sid="980300254556916" type="System">
                    <param id="0" name="Object to create">Sprite3</param>
                    <param id="1" name="Layer">0</param>
                    <param id="2" name="X">67</param>
                    <param id="3" name="Y">498</param>
                </action>
            </actions>
        </event-block>
        <event-block sid="233247330039054">
            <conditions>
                <condition id="-19" name="On destroyed" sid="490505749264289" type="Sprite4" />
            </conditions>
            <actions>
                <action id="-16" name="Wait" sid="411421553578570" type="System">
                    <param id="0" name="Seconds">4.0</param>
                </action>
                <action id="-3" name="Create object" sid="739166029655999" type="System">
                    <param id="0" name="Object to create">Sprite4</param>
                    <param id="1" name="Layer">0</param>
                    <param id="2" name="X">264</param>
                    <param id="3" name="Y">419</param>
                </action>
            </actions>
        </event-block>
        <event-block sid="269085564852466">
            <conditions>
                <condition id="0" name="On key pressed" sid="537582715053363" type="Keyboard">
                    <param id="0" name="Key">32 (Space)</param>
                </condition>
            </conditions>
            <actions>
                <action id="-3" name="Create object" sid="796172976559226" type="System">
                    <param id="0" name="Object to create">Projectile</param>
                    <param id="1" name="Layer">0</param>
                    <param id="2" name="X">Player.X</param>
                    <param id="3" name="Y">Player.Y</param>
                </action>
                <action id="5" name="Set frame" sid="995824219718786" type="Projectile">
                    <param id="0" name="Frame number">Player.AnimationFrame</param>
                </action>
            </actions>
        </event-block>
        <event-block sid="820169018150848">
            <conditions>
                <condition id="0" name="On key pressed" sid="221348769215453" type="Keyboard">
                    <param id="0" name="Key">13 (Return)</param>
                </condition>
            </conditions>
            <actions>
                <action id="5" name="Set frame" sid="918692261990576" type="Player">
                    <param id="0" name="Frame number">0</param>
                </action>
            </actions>
        </event-block>
        <event-block sid="612584128843164">
            <conditions>
                <condition id="-4" name="Is outside layout" sid="532216352635693" type="Projectile" />
            </conditions>
            <actions>
                <action id="-9" name="Destroy" sid="431430050623946" type="Projectile" />
            </actions>
        </event-block>
        <event-block sid="802972411940190">
            <conditions>
                <condition id="-1" name="Every tick" sid="518261092723416" type="System" />
            </conditions>
            <actions>
                <action id="0" name="Set text" sid="831314624750438" type="Text">
                    <param id="0" name="Text">&quot;Enemy Health &quot; &amp; EnemyHealth</param>
                </action>
            </actions>
        </event-block>
        <event-block sid="640470237625766">
            <conditions>
                <condition id="1" name="Is overlapping another object" sid="804458622177352" type="Enemy">
                    <param id="0" name="Object">Projectile</param>
                </condition>
                <condition id="3" name="Compare frame" sid="250198332593842" type="Projectile">
                    <param id="0" name="Comparison">0</param>
                    <param id="1" name="Number">1</param>
                </condition>
                <condition id="3" name="Compare frame" sid="274651689000868" type="Enemy">
                    <param id="0" name="Comparison">0</param>
                    <param id="1" name="Number">1</param>
                </condition>
            </conditions>
            <actions>
                <action id="-11" name="Subtract from" sid="676744511616116" type="System">
                    <param id="0" name="Variable">EnemyHealth</param>
                    <param id="1" name="Value">0.5</param>
                </action>
                <action id="-9" name="Destroy" sid="535201319295461" type="Projectile" />
            </actions>
        </event-block>
        <event-block sid="788077982348858">
            <conditions>
                <condition id="-6" name="Every X seconds" sid="367798990578603" type="System">
                    <param id="0" name="Interval (seconds)">3.0</param>
                </condition>
            </conditions>
            <actions>
                <action id="5" name="Set frame" sid="526841451696634" type="Enemy">
                    <param id="0" name="Frame number">1</param>
                </action>
            </actions>
        </event-block>
        <event-block sid="721460376700468">
            <conditions>
                <condition id="-14" name="Compare variable" sid="400158425892974" type="System">
                    <param id="0" name="Variable">EnemyHealth</param>
                    <param id="1" name="Comparison">0</param>
                    <param id="2" name="Value">0</param>
                </condition>
            </conditions>
            <actions>
                <action id="-2" name="Go to layout" sid="348680472632007" type="System">
                    <param id="0" name="Layout">Layout 2</param>
                </action>
            </actions>
        </event-block>
        <event-block sid="274478817885657">
            <conditions>
                <condition id="3" name="Compare frame" sid="146350332474065" type="Player">
                    <param id="0" name="Comparison">1</param>
                    <param id="1" name="Number">0</param>
                </condition>
                <condition id="-6" name="Every X seconds" sid="498765416475797" type="System">
                    <param id="0" name="Interval (seconds)">1.0</param>
                </condition>
            </conditions>
            <actions>
                <action id="3" name="Set progress" sid="169264476743040" type="ProgressBar">
                    <param id="0" name="Value">ProgressBar.Progress-10</param>
                </action>
            </actions>
        </event-block>
        <event-block sid="986325915422791">
            <conditions>
                <condition id="-2" name="On start of layout" sid="765199816203516" type="System" />
            </conditions>
            <actions>
                <action id="-21" name="Reset global variables" sid="159876579539953" type="System" />
            </actions>
        </event-block>
        <event-block sid="558619619277540">
            <conditions>
                <condition id="-14" name="Compare variable" sid="612234047045750" type="System">
                    <param id="0" name="Variable">EnemyHealth</param>
                    <param id="1" name="Comparison">0</param>
                    <param id="2" name="Value">0</param>
                </condition>
            </conditions>
            <actions>
                <action id="-2" name="Go to layout" sid="370549479313500" type="System">
                    <param id="0" name="Layout">Layout 2</param>
                </action>
            </actions>
        </event-block>
    </events>
</c2eventsheet>
