﻿<?xml version="1.0" encoding="utf-8" ?>
<c2eventsheet>
    <!--All the 'name' attributes are ignored by Construct 2 - they are there for readability only.-->
    <name>Event sheet 2</name>
    <events>
        <event-block sid="595619834672732">
            <conditions>
                <condition id="3" name="Compare frame" sid="541751487311719" type="Player">
                    <param id="0" name="Comparison">0</param>
                    <param id="1" name="Number">5</param>
                </condition>
            </conditions>
            <actions />
            <sub-events>
                <event-block any="1" sid="180065127657874">
                    <conditions>
                        <condition id="1" name="Is overlapping another object" sid="734412274129087" type="Player">
                            <param id="0" name="Object">Sprite3</param>
                        </condition>
                        <condition id="1" name="Is overlapping another object" sid="774985084453126" type="Player">
                            <param id="0" name="Object">Sprite2</param>
                        </condition>
                    </conditions>
                    <actions>
                        <action id="5" name="Set frame" sid="452024886167635" type="Player">
                            <param id="0" name="Frame number">5</param>
                        </action>
                    </actions>
                </event-block>
                <event-block sid="304769337304442">
                    <conditions>
                        <condition id="-22" name="Else" sid="470953940115160" type="System" />
                    </conditions>
                    <actions />
                    <sub-events>
                        <event-block sid="401985250809042">
                            <conditions>
                                <condition id="1" name="Is overlapping another object" sid="318143831107880" type="Player">
                                    <param id="0" name="Object">Sprite4</param>
                                </condition>
                            </conditions>
                            <actions>
                                <action id="5" name="Set frame" sid="938017358994543" type="Player">
                                    <param id="0" name="Frame number">7</param>
                                </action>
                                <action id="-9" name="Destroy" sid="784672245125904" type="Sprite4" />
                            </actions>
                        </event-block>
                    </sub-events>
                </event-block>
            </sub-events>
        </event-block>
        <event-block sid="330511812489600">
            <conditions>
                <condition id="3" name="Compare frame" sid="511516021847864" type="Player">
                    <param id="0" name="Comparison">0</param>
                    <param id="1" name="Number">6</param>
                </condition>
            </conditions>
            <actions />
            <sub-events>
                <event-block any="1" sid="195943186724364">
                    <conditions>
                        <condition id="1" name="Is overlapping another object" sid="731986602968280" type="Player">
                            <param id="0" name="Object">Sprite3</param>
                        </condition>
                        <condition id="1" name="Is overlapping another object" sid="761428936983868" type="Player">
                            <param id="0" name="Object">Sprite4</param>
                        </condition>
                    </conditions>
                    <actions>
                        <action id="5" name="Set frame" sid="941731962177362" type="Player">
                            <param id="0" name="Frame number">6</param>
                        </action>
                    </actions>
                </event-block>
                <event-block sid="800484154648871">
                    <conditions>
                        <condition id="-22" name="Else" sid="294525712530717" type="System" />
                    </conditions>
                    <actions />
                    <sub-events>
                        <event-block sid="934917226673839">
                            <conditions>
                                <condition id="1" name="Is overlapping another object" sid="143105916838556" type="Player">
                                    <param id="0" name="Object">Sprite2</param>
                                </condition>
                            </conditions>
                            <actions>
                                <action id="5" name="Set frame" sid="422681076169483" type="Player">
                                    <param id="0" name="Frame number">7</param>
                                </action>
                                <action id="-9" name="Destroy" sid="192689894844639" type="Sprite2" />
                            </actions>
                        </event-block>
                    </sub-events>
                </event-block>
            </sub-events>
        </event-block>
        <event-block sid="840967964948823">
            <conditions>
                <condition id="3" name="Compare frame" sid="101509385360191" type="Player">
                    <param id="0" name="Comparison">0</param>
                    <param id="1" name="Number">4</param>
                </condition>
            </conditions>
            <actions />
            <sub-events>
                <event-block any="1" sid="715307226904173">
                    <conditions>
                        <condition id="1" name="Is overlapping another object" sid="147406321250770" type="Player">
                            <param id="0" name="Object">Sprite4</param>
                        </condition>
                        <condition id="1" name="Is overlapping another object" sid="220277889486430" type="Player">
                            <param id="0" name="Object">Sprite2</param>
                        </condition>
                    </conditions>
                    <actions>
                        <action id="5" name="Set frame" sid="976648683842277" type="Player">
                            <param id="0" name="Frame number">4</param>
                        </action>
                    </actions>
                </event-block>
                <event-block sid="702340914979365">
                    <conditions>
                        <condition id="-22" name="Else" sid="208586709744059" type="System" />
                    </conditions>
                    <actions />
                    <sub-events>
                        <event-block sid="216911819813682">
                            <conditions>
                                <condition id="1" name="Is overlapping another object" sid="658953828616951" type="Player">
                                    <param id="0" name="Object">Sprite3</param>
                                </condition>
                            </conditions>
                            <actions>
                                <action id="5" name="Set frame" sid="835438679457187" type="Player">
                                    <param id="0" name="Frame number">7</param>
                                </action>
                                <action id="-9" name="Destroy" sid="188298620598349" type="Sprite3" />
                            </actions>
                        </event-block>
                    </sub-events>
                </event-block>
            </sub-events>
        </event-block>
        <event-block sid="739468775638894">
            <conditions>
                <condition id="3" name="Compare frame" sid="203881614008542" type="Player">
                    <param id="0" name="Comparison">0</param>
                    <param id="1" name="Number">0</param>
                </condition>
                <condition id="1" name="Is overlapping another object" sid="199795703207417" type="Player">
                    <param id="0" name="Object">Sprite2</param>
                </condition>
            </conditions>
            <actions>
                <action id="5" name="Set frame" sid="588875164604732" type="Player">
                    <param id="0" name="Frame number">1</param>
                </action>
                <action id="-9" name="Destroy" sid="432164623557452" type="Sprite2" />
            </actions>
        </event-block>
        <event-block sid="249272643051872">
            <conditions>
                <condition id="3" name="Compare frame" sid="864958185759912" type="Player">
                    <param id="0" name="Comparison">0</param>
                    <param id="1" name="Number">0</param>
                </condition>
                <condition id="1" name="Is overlapping another object" sid="290409965532521" type="Player">
                    <param id="0" name="Object">Sprite4</param>
                </condition>
            </conditions>
            <actions>
                <action id="5" name="Set frame" sid="987866835482385" type="Player">
                    <param id="0" name="Frame number">2</param>
                </action>
                <action id="-9" name="Destroy" sid="113605828650246" type="Sprite4" />
            </actions>
        </event-block>
        <event-block sid="782878160518664">
            <conditions>
                <condition id="3" name="Compare frame" sid="520722949575075" type="Player">
                    <param id="0" name="Comparison">0</param>
                    <param id="1" name="Number">0</param>
                </condition>
                <condition id="1" name="Is overlapping another object" sid="320804598061332" type="Player">
                    <param id="0" name="Object">Sprite3</param>
                </condition>
            </conditions>
            <actions>
                <action id="5" name="Set frame" sid="476133149870596" type="Player">
                    <param id="0" name="Frame number">3</param>
                </action>
                <action id="-9" name="Destroy" sid="207965843846285" type="Sprite3" />
            </actions>
        </event-block>
        <event-block sid="807845754904933">
            <conditions>
                <condition id="3" name="Compare frame" sid="726492766924157" type="Player">
                    <param id="0" name="Comparison">0</param>
                    <param id="1" name="Number">1</param>
                </condition>
                <condition id="1" name="Is overlapping another object" sid="608684253038179" type="Player">
                    <param id="0" name="Object">Sprite4</param>
                </condition>
            </conditions>
            <actions>
                <action id="5" name="Set frame" sid="165222056159691" type="Player">
                    <param id="0" name="Frame number">4</param>
                </action>
                <action id="-9" name="Destroy" sid="806893623494072" type="Sprite4" />
            </actions>
        </event-block>
        <event-block sid="398808338907107">
            <conditions>
                <condition id="3" name="Compare frame" sid="812915938511523" type="Player">
                    <param id="0" name="Comparison">0</param>
                    <param id="1" name="Number">1</param>
                </condition>
                <condition id="1" name="Is overlapping another object" sid="756942343965712" type="Player">
                    <param id="0" name="Object">Sprite3</param>
                </condition>
            </conditions>
            <actions>
                <action id="5" name="Set frame" sid="129523300726572" type="Player">
                    <param id="0" name="Frame number">5</param>
                </action>
                <action id="-9" name="Destroy" sid="382876644122885" type="Sprite3" />
            </actions>
        </event-block>
        <event-block sid="114090143398133">
            <conditions>
                <condition id="3" name="Compare frame" sid="244410252122617" type="Player">
                    <param id="0" name="Comparison">0</param>
                    <param id="1" name="Number">2</param>
                </condition>
                <condition id="1" name="Is overlapping another object" sid="592628501045073" type="Player">
                    <param id="0" name="Object">Sprite3</param>
                </condition>
            </conditions>
            <actions>
                <action id="5" name="Set frame" sid="347539135765811" type="Player">
                    <param id="0" name="Frame number">6</param>
                </action>
                <action id="-9" name="Destroy" sid="228325099569409" type="Sprite3" />
            </actions>
        </event-block>
        <event-block sid="787314210525282">
            <conditions>
                <condition id="3" name="Compare frame" sid="337385415390621" type="Player">
                    <param id="0" name="Comparison">0</param>
                    <param id="1" name="Number">2</param>
                </condition>
                <condition id="1" name="Is overlapping another object" sid="790482386458663" type="Player">
                    <param id="0" name="Object">Sprite2</param>
                </condition>
            </conditions>
            <actions>
                <action id="5" name="Set frame" sid="866458017252537" type="Player">
                    <param id="0" name="Frame number">4</param>
                </action>
                <action id="-9" name="Destroy" sid="537705104188039" type="Sprite2" />
            </actions>
        </event-block>
        <event-block sid="111869674204028">
            <conditions>
                <condition id="3" name="Compare frame" sid="933589938541718" type="Player">
                    <param id="0" name="Comparison">0</param>
                    <param id="1" name="Number">3</param>
                </condition>
                <condition id="1" name="Is overlapping another object" sid="885831949042606" type="Player">
                    <param id="0" name="Object">Sprite2</param>
                </condition>
            </conditions>
            <actions>
                <action id="5" name="Set frame" sid="919184695674204" type="Player">
                    <param id="0" name="Frame number">5</param>
                </action>
                <action id="-9" name="Destroy" sid="186623034289692" type="Sprite2" />
            </actions>
        </event-block>
        <event-block sid="491034668499331">
            <conditions>
                <condition id="3" name="Compare frame" sid="408490768222617" type="Player">
                    <param id="0" name="Comparison">0</param>
                    <param id="1" name="Number">3</param>
                </condition>
                <condition id="1" name="Is overlapping another object" sid="781353354447392" type="Player">
                    <param id="0" name="Object">Sprite4</param>
                </condition>
            </conditions>
            <actions>
                <action id="5" name="Set frame" sid="416501794445592" type="Player">
                    <param id="0" name="Frame number">6</param>
                </action>
                <action id="-9" name="Destroy" sid="942921405135511" type="Sprite4" />
            </actions>
        </event-block>
        <event-block sid="606672698646745">
            <conditions>
                <condition id="-19" name="On destroyed" sid="114916401745853" type="Sprite2" />
            </conditions>
            <actions>
                <action id="-16" name="Wait" sid="865012700714053" type="System">
                    <param id="0" name="Seconds">4.0</param>
                </action>
                <action id="-3" name="Create object" sid="414649327588905" type="System">
                    <param id="0" name="Object to create">Sprite2</param>
                    <param id="1" name="Layer">0</param>
                    <param id="2" name="X">417</param>
                    <param id="3" name="Y">524</param>
                </action>
            </actions>
        </event-block>
        <event-block sid="504127168974391">
            <conditions>
                <condition id="-19" name="On destroyed" sid="223761815189029" type="Sprite3" />
            </conditions>
            <actions>
                <action id="-16" name="Wait" sid="584380737784298" type="System">
                    <param id="0" name="Seconds">4.0</param>
                </action>
                <action id="-3" name="Create object" sid="425634750258183" type="System">
                    <param id="0" name="Object to create">Sprite3</param>
                    <param id="1" name="Layer">0</param>
                    <param id="2" name="X">67</param>
                    <param id="3" name="Y">498</param>
                </action>
            </actions>
        </event-block>
        <event-block sid="149602512826963">
            <conditions>
                <condition id="-19" name="On destroyed" sid="159231102162763" type="Sprite4" />
            </conditions>
            <actions>
                <action id="-16" name="Wait" sid="324650581153485" type="System">
                    <param id="0" name="Seconds">4.0</param>
                </action>
                <action id="-3" name="Create object" sid="618037374657645" type="System">
                    <param id="0" name="Object to create">Sprite4</param>
                    <param id="1" name="Layer">0</param>
                    <param id="2" name="X">264</param>
                    <param id="3" name="Y">419</param>
                </action>
            </actions>
        </event-block>
        <event-block sid="453555138547019">
            <conditions>
                <condition id="0" name="On key pressed" sid="427959551046390" type="Keyboard">
                    <param id="0" name="Key">32 (Space)</param>
                </condition>
            </conditions>
            <actions>
                <action id="-3" name="Create object" sid="953210886121581" type="System">
                    <param id="0" name="Object to create">Projectile</param>
                    <param id="1" name="Layer">0</param>
                    <param id="2" name="X">Player.X</param>
                    <param id="3" name="Y">Player.Y</param>
                </action>
                <action id="5" name="Set frame" sid="802395655267310" type="Projectile">
                    <param id="0" name="Frame number">Player.AnimationFrame</param>
                </action>
            </actions>
        </event-block>
        <event-block sid="803094996497420">
            <conditions>
                <condition id="0" name="On key pressed" sid="777483305137056" type="Keyboard">
                    <param id="0" name="Key">13 (Return)</param>
                </condition>
            </conditions>
            <actions>
                <action id="5" name="Set frame" sid="833192749091772" type="Player">
                    <param id="0" name="Frame number">0</param>
                </action>
            </actions>
        </event-block>
        <event-block sid="416661173016329">
            <conditions>
                <condition id="-4" name="Is outside layout" sid="294996728979262" type="Projectile" />
            </conditions>
            <actions>
                <action id="-9" name="Destroy" sid="423864232241339" type="Projectile" />
            </actions>
        </event-block>
        <event-block sid="813101206884951">
            <conditions>
                <condition id="-1" name="Every tick" sid="250475480539343" type="System" />
            </conditions>
            <actions>
                <action id="0" name="Set text" sid="313022125050134" type="Text">
                    <param id="0" name="Text">&quot;Enemy Health &quot; &amp; EnemyHealth</param>
                </action>
            </actions>
        </event-block>
        <event-block sid="471167777343084">
            <conditions>
                <condition id="1" name="Is overlapping another object" sid="765395298448996" type="Enemy">
                    <param id="0" name="Object">Projectile</param>
                </condition>
                <condition id="3" name="Compare frame" sid="264423585996360" type="Projectile">
                    <param id="0" name="Comparison">0</param>
                    <param id="1" name="Number">4</param>
                </condition>
                <condition id="3" name="Compare frame" sid="560944739756768" type="Enemy">
                    <param id="0" name="Comparison">0</param>
                    <param id="1" name="Number">2</param>
                </condition>
            </conditions>
            <actions>
                <action id="-11" name="Subtract from" sid="328562778485980" type="System">
                    <param id="0" name="Variable">EnemyHealth</param>
                    <param id="1" name="Value">0.5</param>
                </action>
                <action id="-9" name="Destroy" sid="784713317592270" type="Projectile" />
            </actions>
        </event-block>
        <event-block sid="972401937177048">
            <conditions>
                <condition id="-6" name="Every X seconds" sid="900124657750414" type="System">
                    <param id="0" name="Interval (seconds)">3.0</param>
                </condition>
            </conditions>
            <actions>
                <action id="5" name="Set frame" sid="202456936815448" type="Enemy">
                    <param id="0" name="Frame number">2</param>
                </action>
            </actions>
        </event-block>
        <event-block sid="154008131046258">
            <conditions>
                <condition id="-2" name="On start of layout" sid="351794664331730" type="System" />
            </conditions>
            <actions>
                <action id="-21" name="Reset global variables" sid="783355152743728" type="System" />
            </actions>
        </event-block>
        <event-block sid="530587772011800">
            <conditions>
                <condition id="-14" name="Compare variable" sid="678851832684067" type="System">
                    <param id="0" name="Variable">EnemyHealth</param>
                    <param id="1" name="Comparison">0</param>
                    <param id="2" name="Value">0</param>
                </condition>
            </conditions>
            <actions>
                <action id="-2" name="Go to layout" sid="562831579230426" type="System">
                    <param id="0" name="Layout">Layout 3</param>
                </action>
            </actions>
        </event-block>
        <event-block sid="458140332238033">
            <conditions />
            <actions />
        </event-block>
    </events>
</c2eventsheet>
