﻿<?xml version="1.0" encoding="utf-8" ?>
<c2eventsheet>
    <!--All the 'name' attributes are ignored by Construct 2 - they are there for readability only.-->
    <name>Event sheet 3</name>
    <events>
        <event-block sid="922878324461321">
            <conditions>
                <condition id="-33" name="Pick by comparison" sid="489992264548508" type="System">
                    <param id="0" name="Object">Player</param>
                    <param id="1" name="Expression">Player.AnimationFrame</param>
                    <param id="2" name="Comparison">5</param>
                    <param id="3" name="Value">4</param>
                </condition>
                <condition id="-8" name="Compare two values" sid="515767521245206" type="System">
                    <param id="0" name="First value">Player.AnimationFrame</param>
                    <param id="1" name="Comparison">1</param>
                    <param id="2" name="Second value">7</param>
                </condition>
            </conditions>
            <actions />
            <sub-events>
                <event-block any="1" sid="686664983083528">
                    <conditions>
                        <condition id="1" name="Is overlapping another object" sid="824148300499253" type="Player">
                            <param id="0" name="Object">Sprite2</param>
                        </condition>
                        <condition id="1" name="Is overlapping another object" sid="707532418040089" type="Player">
                            <param id="0" name="Object">Sprite3</param>
                        </condition>
                        <condition id="1" name="Is overlapping another object" sid="543747939964202" type="Player">
                            <param id="0" name="Object">Sprite4</param>
                        </condition>
                    </conditions>
                    <actions>
                        <action id="5" name="Set frame" sid="153429144390699" type="Player">
                            <param id="0" name="Frame number">7</param>
                        </action>
                        <action id="-9" name="Destroy" sid="100618205619837" type="Sprite2" />
                        <action id="-9" name="Destroy" sid="167281693128775" type="Sprite3" />
                        <action id="-9" name="Destroy" sid="897360417323372" type="Sprite4" />
                    </actions>
                </event-block>
            </sub-events>
        </event-block>
        <event-block sid="619702851132547">
            <conditions>
                <condition id="-33" name="Pick by comparison" sid="262786475745846" type="System">
                    <param id="0" name="Object">Player</param>
                    <param id="1" name="Expression">Player.AnimationFrame</param>
                    <param id="2" name="Comparison">0</param>
                    <param id="3" name="Value">0</param>
                </condition>
                <condition id="1" name="Is overlapping another object" sid="998044934708924" type="Player">
                    <param id="0" name="Object">Sprite2</param>
                </condition>
            </conditions>
            <actions>
                <action id="5" name="Set frame" sid="953929440477477" type="Player">
                    <param id="0" name="Frame number">1</param>
                </action>
                <action id="-9" name="Destroy" sid="691704099561952" type="Sprite2" />
            </actions>
        </event-block>
        <event-block sid="199969534247709">
            <conditions>
                <condition id="-33" name="Pick by comparison" sid="677030264848864" type="System">
                    <param id="0" name="Object">Player</param>
                    <param id="1" name="Expression">Player.AnimationFrame</param>
                    <param id="2" name="Comparison">0</param>
                    <param id="3" name="Value">0</param>
                </condition>
                <condition id="1" name="Is overlapping another object" sid="269074442975427" type="Player">
                    <param id="0" name="Object">Sprite4</param>
                </condition>
            </conditions>
            <actions>
                <action id="5" name="Set frame" sid="634258427418315" type="Player">
                    <param id="0" name="Frame number">2</param>
                </action>
                <action id="-9" name="Destroy" sid="409499139166200" type="Sprite4" />
            </actions>
        </event-block>
        <event-block sid="277007754505034">
            <conditions>
                <condition id="-33" name="Pick by comparison" sid="150238974074502" type="System">
                    <param id="0" name="Object">Player</param>
                    <param id="1" name="Expression">Player.AnimationFrame</param>
                    <param id="2" name="Comparison">0</param>
                    <param id="3" name="Value">0</param>
                </condition>
                <condition id="1" name="Is overlapping another object" sid="813071411666342" type="Player">
                    <param id="0" name="Object">Sprite3</param>
                </condition>
            </conditions>
            <actions>
                <action id="5" name="Set frame" sid="656967791894638" type="Player">
                    <param id="0" name="Frame number">3</param>
                </action>
                <action id="-9" name="Destroy" sid="468500396827825" type="Sprite3" />
            </actions>
        </event-block>
        <event-block sid="252434624288623">
            <conditions>
                <condition id="-33" name="Pick by comparison" sid="167080322489064" type="System">
                    <param id="0" name="Object">Player</param>
                    <param id="1" name="Expression">Player.AnimationFrame</param>
                    <param id="2" name="Comparison">0</param>
                    <param id="3" name="Value">1</param>
                </condition>
                <condition id="1" name="Is overlapping another object" sid="368973536546900" type="Player">
                    <param id="0" name="Object">Sprite4</param>
                </condition>
            </conditions>
            <actions>
                <action id="5" name="Set frame" sid="794547175120902" type="Player">
                    <param id="0" name="Frame number">4</param>
                </action>
                <action id="-9" name="Destroy" sid="105256437355117" type="Sprite4" />
            </actions>
        </event-block>
        <event-block sid="785342068694395">
            <conditions>
                <condition id="-33" name="Pick by comparison" sid="292642679437161" type="System">
                    <param id="0" name="Object">Player</param>
                    <param id="1" name="Expression">Player.AnimationFrame</param>
                    <param id="2" name="Comparison">0</param>
                    <param id="3" name="Value">1</param>
                </condition>
                <condition id="1" name="Is overlapping another object" sid="989802110740206" type="Player">
                    <param id="0" name="Object">Sprite3</param>
                </condition>
            </conditions>
            <actions>
                <action id="5" name="Set frame" sid="961768251896234" type="Player">
                    <param id="0" name="Frame number">5</param>
                </action>
                <action id="-9" name="Destroy" sid="473726446789574" type="Sprite3" />
            </actions>
        </event-block>
        <event-block sid="602936686632112">
            <conditions>
                <condition id="-33" name="Pick by comparison" sid="566888842174495" type="System">
                    <param id="0" name="Object">Player</param>
                    <param id="1" name="Expression">Player.AnimationFrame</param>
                    <param id="2" name="Comparison">0</param>
                    <param id="3" name="Value">2</param>
                </condition>
                <condition id="1" name="Is overlapping another object" sid="296810832904460" type="Player">
                    <param id="0" name="Object">Sprite3</param>
                </condition>
            </conditions>
            <actions>
                <action id="5" name="Set frame" sid="745071586259139" type="Player">
                    <param id="0" name="Frame number">6</param>
                </action>
                <action id="-9" name="Destroy" sid="355874623997226" type="Sprite3" />
            </actions>
        </event-block>
        <event-block sid="689653286330705">
            <conditions>
                <condition id="-33" name="Pick by comparison" sid="543962556406937" type="System">
                    <param id="0" name="Object">Player</param>
                    <param id="1" name="Expression">player.AnimationFrame</param>
                    <param id="2" name="Comparison">0</param>
                    <param id="3" name="Value">2</param>
                </condition>
                <condition id="1" name="Is overlapping another object" sid="554968333254549" type="Player">
                    <param id="0" name="Object">Sprite2</param>
                </condition>
            </conditions>
            <actions>
                <action id="5" name="Set frame" sid="316171145060559" type="Player">
                    <param id="0" name="Frame number">4</param>
                </action>
                <action id="-9" name="Destroy" sid="251421320548521" type="Sprite2" />
            </actions>
        </event-block>
        <event-block sid="889837148147332">
            <conditions>
                <condition id="-33" name="Pick by comparison" sid="945156445815813" type="System">
                    <param id="0" name="Object">Player</param>
                    <param id="1" name="Expression">Player.AnimationFrame</param>
                    <param id="2" name="Comparison">0</param>
                    <param id="3" name="Value">3</param>
                </condition>
                <condition id="1" name="Is overlapping another object" sid="305795313014416" type="Player">
                    <param id="0" name="Object">Sprite2</param>
                </condition>
            </conditions>
            <actions>
                <action id="5" name="Set frame" sid="210994140577913" type="Player">
                    <param id="0" name="Frame number">5</param>
                </action>
                <action id="-9" name="Destroy" sid="622834751704729" type="Sprite2" />
            </actions>
        </event-block>
        <event-block sid="274685729865725">
            <conditions>
                <condition id="-33" name="Pick by comparison" sid="858175958764698" type="System">
                    <param id="0" name="Object">Player</param>
                    <param id="1" name="Expression">Player.AnimationFrame</param>
                    <param id="2" name="Comparison">0</param>
                    <param id="3" name="Value">3</param>
                </condition>
                <condition id="1" name="Is overlapping another object" sid="819485854658709" type="Player">
                    <param id="0" name="Object">Sprite4</param>
                </condition>
            </conditions>
            <actions>
                <action id="5" name="Set frame" sid="949597793886164" type="Player">
                    <param id="0" name="Frame number">6</param>
                </action>
                <action id="-9" name="Destroy" sid="544468147148782" type="Sprite4" />
            </actions>
        </event-block>
        <event-block sid="954632646874750">
            <conditions>
                <condition id="-19" name="On destroyed" sid="592101722399198" type="Sprite2" />
            </conditions>
            <actions>
                <action id="-16" name="Wait" sid="218718889141424" type="System">
                    <param id="0" name="Seconds">4.0</param>
                </action>
                <action id="-3" name="Create object" sid="734221899637233" type="System">
                    <param id="0" name="Object to create">Sprite2</param>
                    <param id="1" name="Layer">0</param>
                    <param id="2" name="X">417</param>
                    <param id="3" name="Y">524</param>
                </action>
            </actions>
        </event-block>
        <event-block sid="934458153172598">
            <conditions>
                <condition id="-19" name="On destroyed" sid="507006981645952" type="Sprite3" />
            </conditions>
            <actions>
                <action id="-16" name="Wait" sid="989647684657335" type="System">
                    <param id="0" name="Seconds">4.0</param>
                </action>
                <action id="-3" name="Create object" sid="806648576736886" type="System">
                    <param id="0" name="Object to create">Sprite3</param>
                    <param id="1" name="Layer">0</param>
                    <param id="2" name="X">67</param>
                    <param id="3" name="Y">498</param>
                </action>
            </actions>
        </event-block>
        <event-block sid="559394704592748">
            <conditions>
                <condition id="-19" name="On destroyed" sid="798444440913506" type="Sprite4" />
            </conditions>
            <actions>
                <action id="-16" name="Wait" sid="188701496871170" type="System">
                    <param id="0" name="Seconds">4.0</param>
                </action>
                <action id="-3" name="Create object" sid="447043208037761" type="System">
                    <param id="0" name="Object to create">Sprite4</param>
                    <param id="1" name="Layer">0</param>
                    <param id="2" name="X">264</param>
                    <param id="3" name="Y">419</param>
                </action>
            </actions>
        </event-block>
        <event-block sid="115065990297276">
            <conditions>
                <condition id="0" name="On key pressed" sid="986165832477146" type="Keyboard">
                    <param id="0" name="Key">32 (Space)</param>
                </condition>
            </conditions>
            <actions>
                <action id="-3" name="Create object" sid="504842572991643" type="System">
                    <param id="0" name="Object to create">Projectile</param>
                    <param id="1" name="Layer">0</param>
                    <param id="2" name="X">Player.X</param>
                    <param id="3" name="Y">Player.Y</param>
                </action>
                <action id="5" name="Set frame" sid="414018932880093" type="Projectile">
                    <param id="0" name="Frame number">Player.AnimationFrame</param>
                </action>
            </actions>
        </event-block>
        <event-block sid="763904521000246">
            <conditions>
                <condition id="-4" name="Is outside layout" sid="452004036428350" type="Projectile" />
            </conditions>
            <actions>
                <action id="-9" name="Destroy" sid="521279111258380" type="Projectile" />
            </actions>
        </event-block>
        <event-block sid="471402685981324">
            <conditions>
                <condition id="-1" name="Every tick" sid="894220844372621" type="System" />
            </conditions>
            <actions>
                <action id="0" name="Set text" sid="673197941962853" type="Text">
                    <param id="0" name="Text">&quot;Enemy Health &quot; &amp; EnemyHealth</param>
                </action>
            </actions>
        </event-block>
        <event-block sid="971437229843937">
            <conditions>
                <condition id="-6" name="Every X seconds" sid="386293971387704" type="System">
                    <param id="0" name="Interval (seconds)">2.0</param>
                </condition>
            </conditions>
            <actions>
                <action id="5" name="Set frame" sid="335793467703634" type="Enemy">
                    <param id="0" name="Frame number">3</param>
                </action>
            </actions>
        </event-block>
        <event-block sid="463514476770646">
            <conditions>
                <condition id="-2" name="On start of layout" sid="297146904236723" type="System" />
            </conditions>
            <actions>
                <action id="-21" name="Reset global variables" sid="191923960405156" type="System" />
            </actions>
        </event-block>
        <event-block sid="255905810936416">
            <conditions>
                <condition id="1" name="Is overlapping another object" sid="645965400205576" type="Enemy">
                    <param id="0" name="Object">Projectile</param>
                </condition>
                <condition id="3" name="Compare frame" sid="685730693773544" type="Projectile">
                    <param id="0" name="Comparison">0</param>
                    <param id="1" name="Number">5</param>
                </condition>
                <condition id="3" name="Compare frame" sid="396827729579846" type="Enemy">
                    <param id="0" name="Comparison">0</param>
                    <param id="1" name="Number">3</param>
                </condition>
            </conditions>
            <actions>
                <action id="-11" name="Subtract from" sid="215631226778287" type="System">
                    <param id="0" name="Variable">EnemyHealth</param>
                    <param id="1" name="Value">0.5</param>
                </action>
                <action id="-9" name="Destroy" sid="246341589337490" type="Projectile" />
            </actions>
        </event-block>
    </events>
</c2eventsheet>
