﻿<?xml version="1.0" encoding="utf-8" ?>
<c2eventsheet>
    <!--All the 'name' attributes are ignored by Construct 2 - they are there for readability only.-->
    <name>Title ES</name>
    <events>
        <event-block sid="390197259811142">
            <conditions>
                <condition id="1" name="On any key pressed" sid="697846316768577" type="Keyboard" />
            </conditions>
            <actions>
                <action id="-2" name="Go to layout" sid="253470354209555" type="System">
                    <param id="0" name="Layout">Layout 1</param>
                </action>
            </actions>
        </event-block>
    </events>
</c2eventsheet>
